date,Ab,pos_total,pos_known_white ,pos_known_black ,pos_known_latinx_hisp,pos_known_asian,pos_known_hisp,deaths_total,deaths_known_white ,deaths_known_black ,deaths_known_latinx_hisp,deaths_known_asian,deaths_known_hisp
20200617,AK,696,398,17,,59,49,12,7,0,,2,0
20200617,AL,27312,9481,11080,,118,2712,790,380,359,,5,18
20200617,AR,13606,6303,3575,,123,3040,197,110,61,,1,13
20200617,AS,,,,,,,,,,,,
20200617,AZ,40924,7115,1087,10518,351,10518,1239,544,37,244,15,244
20200617,CA,157015,19766,5128,63202,8538,63202,5208,1660,479,2029,734,2029
20200617,CO,29673,10228,1700,11438,789,11438,1631,1019,108,343,55,343
20200617,CT,45429,15676,5908,8378,661,8378,4219,3080,627,357,45,357
20200617,DC,9847,1989,4932,,159,2856,523,56,388,67,7,67
20200617,DE,10444,3045,2779,2988,159,2988,426,259,114,27,1,27
20200617,FL,82719,19886,15028,29513,,29513,3018,1471,627,738,,738
20200617,GA,60030,15376,18254,9372,925,9372,2575,1150,1230,122,39,122
20200617,GU,192,13,,,86,,5,,,,,
20200617,HI,744,158,7,,242,,17,,,,,
20200617,IA,24523,15206,2452,,1716,6622,675,533,33,,20,47
20200617,ID,3632,1897,64,,48,873,88,84,1,,2,6
20200617,IL,134185,26830,22296,43765,3872,43765,6485,2856,1832,1301,306,1301
20200617,IN,41013,18254,5234,,650,4769,2289,1469,345,,11,43
20200617,KS,11681,7472,1113,,716,5134,247,172,60,,8,31
20200617,KY,12995,6533,1351,,427,1139,518,385,82,,8,18
20200617,LA,48634,,,,,,3062,1365,1618,,23,61
20200617,MA,106151,31314,9978,20274,2229,20274,7734,5684,634,525,208,525
20200617,MD,62969,12244,18017,17020,1225,17020,2996,1281,1221,311,116,311
20200617,ME,2836,1698,668,,39,78,102,89,1,,,0
20200617,MI,66497,25430,19667,,1492,4654,6036,3110,2404,,79,120
20200617,MN,31296,11602,6807,,2247,7044,1325,936,95,,41,39
20200617,MO,16625,7285,4990,,,1620,909,528,319,,,22
20200617,MP,30,,,,,,2,,,,,
20200617,MS,20641,5466,10671,1134,64,1134,938,388,476,15,0,15
20200617,MT,630,514,2,,1,51,20,13,,,,
20200617,NC,46855,17687,8344,,788,14089,1168,670,377,,18,85
20200617,ND,3166,,,,,,74,,,,,
20200617,NE,17226,7066,883,,883,6057,234,114,10,,9,30
20200617,NH,5436,3305,280,441,138,441,330,244,6,9,3,9
20200617,NJ,167703,59534,28677,50981,8552,50981,12769,6882,2362,2592,715,2592
20200617,NM,10065,1165,204,2723,62,2723,452,98,4,59,1,59
20200617,NV,11842,2511,803,3342,772,3342,473,220,58,73,66,73
20200617,NY,385142,,,,,,26564,8078,5925,6269,1595,6269
20200617,OH,42422,21470,10616,,1368,3427,2611,2040,472,,27,51
20200617,OK,8904,5479,749,,507,1789,364,279,28,,4,12
20200617,OR,6218,2689,231,,236,2139,183,135,6,,8,20
20200617,PA,79818,23100,10100,,1200,6400,6319,4419,1296,,144,357
20200617,PR,6003,,,,,,147,,,,,
20200617,RI,16213,4303,1496,5529,,5529,876,583,44,72,,72
20200617,SC,20556,7426,6389,,345,2496,617,267,273,,5,17
20200617,SD,6050,1980,954,999,668,999,78,,,,,
20200617,TN,32143,13596,6801,,487,8484,497,282,166,,10,35
20200617,TX,96335,5027,2182,6382,563,6382,2062,269,85,171,13,171
20200617,UT,15344,5279,480,6522,367,6522,149,83,5,37,7,37
20200617,VA,55775,11518,7852,19032,1896,19032,1583,858,342,159,91,159
20200617,VI,73,,,,,,6,,,,,
20200617,VT,1130,946,89,,48,28,55,52,,,2,0
20200617,WA,26784,7088,1175,8579,1246,8579,1226,833,37,132,106,132
20200617,WI,23454,12544,4341,,931,7708,712,489,173,,20,77
20200617,WV,2376,1895,164,,,,88,58,3,,,
20200617,WY,884,444,9,106,5,106,18,7,0,1,0,1
20200614,AK,661,378,17,,58,48,12,7,0,,2,0
20200614,AL,25615,8976,10497,,113,2488,773,375,350,,5,18
20200614,AR,12501,5701,3390,,111,2648,179,102,54,,1,10
20200614,AS,,,,,,,,,,,,
20200614,AZ,35691,6573,1000,9328,324,9328,1186,533,34,232,15,232
20200614,CA,148855,19045,4966,59702,8350,59702,5063,1632,470,1985,722,1985
20200614,CO,29130,10041,1689,11241,780,11241,1599,1001,106,334,55,334
20200614,CT,45088,15570,5846,8251,655,8251,4201,3070,625,355,45,355
20200614,DC,9767,1939,4889,,156,2820,515,55,382,66,7,66
20200614,DE,10264,2977,2734,2936,156,2936,422,257,112,27,1,27
20200614,FL,75568,18571,13986,27080,,27080,2931,1446,603,706,,706
20200614,GA,57681,14485,17461,8573,870,8573,2451,1076,1170,116,38,116
20200614,GU,185,7,,,86,,5,,,,,
20200614,HI,728,158,7,,242,,17,,,,,
20200614,IA,23924,14594,2392,,2153,6460,652,515,32,,32,45
20200614,ID,3399,1774,65,,47,813,87,83,1,,2,6
20200614,IL,132543,26338,22004,42950,3803,42950,6308,2770,1793,1257,298,1257
20200614,IN,39909,17553,5126,,627,4667,2240,1435,339,,10,43
20200614,KS,11047,7016,1081,,685,4843,243,165,60,,7,30
20200614,KY,12445,6086,1309,,425,1365,499,374,80,,8,15
20200614,LA,46619,,,,,,3014,1293,1566,,22,59
20200614,MA,105603,31047,9821,20064,2112,20064,7624,5596,632,526,198,526
20200614,MD,61701,12022,17692,16738,1200,16738,2939,1260,1200,302,113,302
20200614,ME,2793,1669,638,,41,76,100,87,1,,,0
20200614,MI,66054,25026,19509,,1468,4623,6016,3096,2395,,77,120
20200614,MN,30471,11183,6604,,2143,6771,1298,903,90,,41,40
20200614,MO,15810,6885,4803,,,1514,879,510,308,,,21
20200614,MP,30,,,,,,2,,,,,
20200614,MS,19516,5265,10276,1080,62,1080,891,372,454,15,0,15
20200614,MT,601,482,2,,1,49,0,,,,,
20200614,NC,44119,16413,7955,,753,12906,1109,637,365,,16,74
20200614,ND,3080,,,,,,74,,,,,
20200614,NE,16725,7066,883,,883,6057,216,114,10,,9,30
20200614,NH,5318,3240,271,424,133,424,320,234,6,9,3,9
20200614,NJ,166881,59409,28703,50731,8510,50731,12625,6792,2336,2563,720,2563
20200614,NM,9723,1124,198,2607,60,2607,435,98,4,59,1,59
20200614,NV,11173,2719,824,2399,728,2399,464,217,58,72,65,72
20200614,NY,383324,,,,,,26442,8040,5896,6227,1585,6227
20200614,OH,41148,20907,10233,,1307,3229,2557,2001,463,,25,48
20200614,OK,8231,5154,730,,397,1616,359,275,28,,3,11
20200614,OR,5636,2224,164,,178,1828,176,129,6,,7,19
20200614,PA,78798,22700,9900,,1200,6300,6215,4419,1296,,144,357
20200614,PR,5811,,,,,,147,,,,,
20200614,RI,15947,4209,1468,5350,,5350,833,561,40,69,,69
20200614,SC,18795,6441,5828,,306,2186,600,261,272,,5,11
20200614,SD,5898,1914,944,986,654,986,75,,,,,
20200614,TN,30432,12989,6570,,469,7817,475,266,162,,10,33
20200614,TX,87854,4257,2552,6286,519,6286,1976,269,85,171,13,171
20200614,UT,14313,4926,458,6054,348,6054,139,82,5,35,7,35
20200614,VA,54506,17317,7655,,,18411,1546,932,333,,,153
20200614,VI,72,,,,,,6,,,,,
20200614,VT,1127,943,90,,47,28,55,52,,,2,0
20200614,WA,25834,6918,1141,8136,1233,8136,1217,822,38,135,106,135
20200614,WI,22758,12029,4252,,893,7530,692,476,169,,19,76
20200614,WV,2290,1819,152,,,,88,58,3,,,
20200614,WY,841,414,9,104,5,104,18,7,0,1,0,1
20200610,AK,593,349,16,,57,45,11,6,0,,2,0
20200610,AL,21989,7967,9221,,103,2086,744,360,333,,5,18
20200610,AR,10368,4973,2920,,93,2203,165,96,51,,1,8
20200610,AS,,,,,,,,,,,,
20200610,AZ,29852,5978,913,7392,290,7392,1095,515,33,195,15,195
20200610,CA,136191,18064,4713,54151,8019,54151,4663,1524,451,1837,684,1837
20200610,CO,28499,9823,1675,10997,772,10997,1573,979,106,324,55,324
20200610,CT,44347,15320,5761,8082,650,8082,4120,3002,619,349,45,349
20200610,DC,9537,1403,4352,,109,2469,499,54,371,62,7,62
20200610,DE,10056,2903,2688,2866,155,2866,413,251,109,27,1,27
20200610,FL,65779,17197,12830,24463,,24463,2801,1393,576,650,,650
20200610,GA,53980,13544,16797,7789,805,7789,2329,1023,1117,106,35,106
20200610,GU,183,6,,,86,,5,,,,,
20200610,HI,685,160,7,,236,,17,,,,,
20200610,IA,22624,13575,2488,,2036,6109,631,498,31,,31,37
20200610,ID,3260,1690,62,,47,775,85,82,0,,0,5
20200610,IL,129837,25574,21575,41721,3716,41721,6095,2676,1746,1204,285,1204
20200610,IN,38337,17022,5028,,587,4470,2173,1403,329,,9,42
20200610,KS,10812,6839,1056,,679,4726,240,162,60,,7,29
20200610,KY,11883,6042,1274,,419,1354,484,365,78,,8,15
20200610,LA,44030,,,,,,2968,1293,1566,,22,59
20200610,MA,104156,30413,9686,19581,2083,19581,7454,5463,618,499,193,499
20200610,MD,59465,11718,17214,16006,1140,16006,2844,1219,1165,276,109,276
20200610,ME,2637,1611,560,,36,74,100,87,1,,,0
20200610,MI,65182,24446,19269,,1448,4562,5955,3059,2369,,77,119
20200610,MN,28869,10152,6342,,1957,6326,1267,753,78,,37,35
20200610,MO,15187,6612,4703,,,1398,848,494,296,,,18
20200610,MP,30,,,,,,2,,,,,
20200610,MS,18483,5090,9887,1032,60,1032,868,363,444,13,0,13
20200610,MT,561,471,2,,1,37,0,,,,,
20200610,NC,38171,14636,7400,,699,11143,1053,613,343,,15,66
20200610,ND,2941,,,,,,73,,,,,
20200610,NE,16025,,,,,,195,,,,,
20200610,NH,5178,2881,257,387,123,387,301,189,6,8,2,8
20200610,NJ,165346,33627,16283,28723,4844,28723,12377,6545,2251,2482,693,2482
20200610,NM,9250,1060,195,2409,60,2409,410,,,,,
20200610,NV,10164,2605,794,2337,717,2337,448,206,57,71,65,71
20200610,NY,380156,,,,,,26195,7965,5833,6187,1573,6187
20200610,OH,39575,20180,9833,,1232,3030,2457,1929,446,,24,47
20200610,OK,7480,4813,691,,263,1548,355,275,27,,3,11
20200610,OR,5060,2283,161,,176,1768,169,127,6,,7,18
20200610,PA,74684,21900,9600,,1123,6000,6062,4245,1216,,142,336
20200610,PR,5329,,,,,,143,,,,,
20200610,RI,15756,4209,1468,5350,,5350,812,561,40,69,,69
20200610,SC,15759,4970,5218,,248,1930,575,265,243,,5,10
20200610,SD,5604,1775,931,956,642,956,69,,,,,
20200610,TN,27869,12004,6185,,461,6933,436,245,147,,9,31
20200610,TX,79757,4215,2523,6178,518,6178,1885,269,85,171,13,171
20200610,UT,12864,4491,428,,311,5361,128,,,,,
20200610,VA,52177,16466,7251,,,17556,1514,865,318,,,146
20200610,VI,72,,,,,,6,,,,,
20200610,VT,1095,927,86,,36,27,55,52,,,2,0
20200610,WA,24354,6450,1104,7241,1212,7241,1176,783,35,123,105,123
20200610,WI,21593,11260,4101,,823,7179,671,458,166,,18,70
20200610,WV,2193,1740,147,,,,85,58,3,,,
20200610,WY,768,393,7,92,5,92,18,7,,1,,1
20200607,AK,544,327,15,,52,43,10,5,0,,2,0
20200607,AL,20500,7572,8524,,96,1907,692,344,304,,5,14
20200607,AR,9426,4469,2725,,87,1831,154,89,48,,1,7
20200607,AS,,,,,,,,,,,,
20200607,AZ,26889,5628,860,6354,269,6354,1044,494,30,180,13,180
20200607,CA,128812,17486,4575,50302,7821,50302,4626,1475,439,1747,661,1747
20200607,CO,28001,9486,1610,10617,739,10617,1527,947,105,306,56,306
20200607,CT,43968,15142,5714,7977,649,7977,4071,2966,611,344,44,344
20200607,DC,9332,1392,4302,,108,2460,489,53,365,59,7,59
20200607,DE,9942,2801,2855,2632,151,2632,398,242,105,25,1,25
20200607,FL,63938,16526,12161,22678,,22678,2700,1350,558,620,,620
20200607,GA,51898,12949,16217,7137,752,7137,2180,973,1054,93,32,93
20200607,GU,179,6,,,84,,5,,,,,
20200607,HI,675,160,7,,236,,17,,,,,
20200607,IA,21711,12810,2388,,1954,5862,605,471,30,,30,36
20200607,ID,3139,1618,58,,45,730,83,80,1,,2,4
20200607,IL,127757,25020,21192,40854,3663,40854,5904,2573,1704,1168,279,1168
20200607,IN,37397,16462,4941,,567,4386,2121,1375,326,,9,40
20200607,KS,10393,6445,1024,,653,4503,232,158,60,,5,28
20200607,KY,11287,5628,1205,,417,1167,470,357,74,,8,13
20200607,LA,42816,,,,,,2936,1217,1510,,21,53
20200607,MA,103436,29893,9619,19239,2068,19239,7316,5369,607,490,190,490
20200607,MD,57973,11319,16593,15040,1093,15040,2749,1173,1143,262,107,262
20200607,ME,2570,1558,526,,36,71,99,85,1,,,0
20200607,MI,64413,23952,18991,,1427,4508,5895,3027,2345,,76,117
20200607,MN,27866,9704,6148,,1827,5958,1186,715,76,,35,30
20200607,MO,14553,6316,4525,,,1298,809,466,287,,,18
20200607,MP,27,,,,,,2,,,,,
20200607,MS,17270,4814,9333,978,59,978,817,345,420,13,0,13
20200607,MT,545,462,2,,1,30,0,,,,,
20200607,NC,35546,13788,7078,,677,10049,996,585,327,,13,65
20200607,ND,2861,,,,,,72,,,,,
20200607,NE,15634,,,,,,188,,,,,
20200607,NH,5043,2751,248,373,116,373,286,164,6,8,2,8
20200607,NJ,164164,33159,16090,28271,4770,28271,12176,6449,2218,2445,683,2445
20200607,NM,8940,1020,192,2308,57,2308,396,,,,,
20200607,NV,9649,2424,773,2231,698,2231,438,204,55,69,66,69
20200607,NY,378097,,,,,,26006,7900,5788,6143,1563,6143
20200607,OH,38476,19655,9517,,1132,2896,2377,1850,418,,21,45
20200607,OK,7150,4650,667,,218,1428,348,269,27,,2,11
20200607,OR,4808,2161,125,,159,1594,164,122,6,,7,17
20200607,PA,75592,21375,9399,,1123,5800,5943,4245,1216,,142,336
20200607,PR,4985,,,,,,142,,,,,
20200607,RI,15441,4052,1399,5009,,5009,772,507,37,69,,69
20200607,SC,14286,4965,5086,,242,1602,546,256,224,,5,10
20200607,SD,5438,1701,924,944,634,944,65,,,,,
20200607,TN,26381,11315,5858,,441,6273,418,231,142,,8,32
20200607,TX,74978,4174,2413,6034,503,6034,1830,269,85,171,13,171
20200607,UT,12066,4283,410,,295,4921,121,,,,,
20200607,VA,50681,15733,6988,,,16606,1472,820,300,,,142
20200607,VI,71,,,,,,6,,,,,
20200607,VT,1063,916,74,,26,27,55,52,,,2,0
20200607,WA,23729,6327,1091,6931,1202,6931,1159,778,35,119,105,119
20200607,WI,20835,10820,3976,,783,6981,647,441,161,,17,68
20200607,WV,2144,1691,146,,,,84,58,3,,,
20200607,WY,734,355,8,83,5,83,17,8,,1,,1
20200603,AK,505,301,14,,49,41,10,5,0,,2,0
20200603,AL,18851,7031,7774,,85,1666,653,330,286,,3,12
20200603,AR,8067,3816,2515,,80,1356,142,80,46,,1,5
20200603,AS,,,,,,,,,,,,
20200603,AZ,22223,5195,773,5235,230,5235,981,465,29,159,12,159
20200603,CA,117687,16402,4298,44975,7387,44975,4361,1395,414,1631,613,1631
20200603,CO,27060,9281,1580,10196,719,10196,1494,935,102,292,53,292
20200603,CT,43091,14814,5573,7766,633,7766,3989,2908,592,339,41,339
20200603,DC,9016,1364,4164,,106,2372,473,52,356,54,7,54
20200603,DE,9712,2809,2565,2724,149,2724,375,226,99,24,1,24
20200603,FL,58764,15738,11289,20658,,20658,2566,1290,534,578,,578
20200603,GA,48894,12264,15559,6476,704,6476,2123,948,1033,88,31,88
20200603,GU,179,6,,,84,,5,,,,,
20200603,HI,653,200,6,,224,,17,,,,,
20200603,IA,20373,12021,2241,,1833,5501,574,453,28,,28,34
20200603,ID,2990,1548,53,,44,671,83,80,1,,2,4
20200603,IL,123830,24128,20506,39339,3556,39339,5621,2441,1646,1094,266,1094
20200603,IN,35712,15998,4856,,535,4106,2032,1324,314,,8,38
20200603,KS,10170,6291,995,,639,4393,222,148,61,,5,24
20200603,KY,10410,5376,1049,,382,1110,450,321,69,,7,12
20200603,LA,41133,,,,,,2870,1217,1510,,21,53
20200603,MA,101592,26921,9244,18692,1930,18692,7152,2989,350,464,128,464
20200603,MD,54982,10757,15856,14155,1048,14155,2641,1118,1085,245,104,245
20200603,ME,2418,1459,453,,35,65,95,,,,,
20200603,MI,58035,21472,17990,,1160,4062,5570,2840,2228,,55,111
20200603,MN,25870,8995,5797,,1582,5254,1086,665,66,,30,26
20200603,MO,13767,5884,4299,,,1166,786,452,276,,,16
20200603,MP,24,,,,,,2,,,,,
20200603,MS,16322,4570,8805,923,57,923,782,333,401,10,0,10
20200603,MT,525,446,2,,1,25,0,,,,,
20200603,NC,30777,12165,6571,,629,8390,939,523,303,,12,56
20200603,ND,2679,,,,,,66,,,,,
20200603,NE,14866,,,,,,187,,,,,
20200603,NH,4795,2617,232,338,114,338,265,147,4,8,2,8
20200603,NJ,162068,32150,15671,27358,4597,27358,11880,6092,2114,2229,617,2229
20200603,NM,8140,969,192,1978,51,1978,375,,,,,
20200603,NV,8935,2141,699,2491,683,2491,429,198,52,66,63,66
20200603,NY,374085,,,,,,24079,7814,5750,6015,1573,6015
20200603,OH,36792,18790,9139,,1018,2694,2299,1807,392,,20,42
20200603,OK,6805,4435,639,,188,1374,341,264,27,,2,10
20200603,OR,4399,2115,119,,152,1502,159,114,6,,7,16
20200603,PA,73405,20563,9071,,1082,5000,5742,3958,1116,,133,304
20200603,PR,4023,,,,,,140,,,,,
20200603,RI,15219,4052,1399,5009,,5009,742,507,37,69,,69
20200603,SC,12651,4588,4812,,223,1359,518,244,204,,4,9
20200603,SD,5162,1595,917,903,599,903,62,,,,,
20200603,TN,24822,10589,5472,,423,5613,388,214,131,,7,28
20200603,TX,68271,4130,2389,5981,501,5981,1734,183,67,123,6,123
20200603,UT,10497,3873,332,,255,4190,117,,,,,
20200603,VA,46905,14647,6614,,,15257,1428,787,286,,,128
20200603,VI,70,,,,,,6,,,,,
20200603,VT,990,901,35,,12,27,55,52,,,2,0
20200603,WA,22484,6150,1061,6474,1173,6474,1135,754,33,112,101,112
20200603,WI,19400,10114,3726,,706,6535,616,418,153,,17,60
20200603,WV,2077,1644,142,,,,78,58,3,,,
20200603,WY,703,338,7,80,4,80,17,,,,,
20200531,AK,460,274,13,,46,40,10,5,0,,2,0
20200531,AL,18241,6861,7534,,86,1612,632,318,278,,3,12
20200531,AR,7253,3463,2372,,74,1031,133,76,46,,1,5
20200531,AS,,,,,,,,,,,,
20200531,AZ,19936,4972,733,4715,207,4715,906,444,29,142,12,142
20200531,CA,110583,15843,4137,42897,7209,42897,4213,1333,397,1545,591,1545
20200531,CO,26378,8989,1540,9730,685,9730,1445,919,97,280,54,280
20200531,CT,42201,14247,5355,7434,609,7434,3944,2879,582,340,37,340
20200531,DC,8801,1346,4097,,106,2328,466,52,349,54,7,54
20200531,DE,9498,2730,2520,2623,141,2623,366,220,97,23,1,23
20200531,FL,56163,15255,10782,19598,,19598,2451,1228,520,543,,543
20200531,GA,47063,11660,15064,5936,667,5936,2053,916,1001,83,31,83
20200531,GU,175,6,,,82,,5,,,,,
20200531,HI,652,200,6,,224,,17,,,,,
20200531,IA,19619,11380,2158,,1765,5101,535,411,26,,26,32
20200531,ID,2839,1460,46,,44,603,82,79,1,,2,4
20200531,IL,120260,23426,19939,37707,3465,37707,5390,2324,1588,1050,257,1050
20200531,IN,34574,14797,4529,,484,3941,1967,1272,298,,9,35
20200531,KS,9719,6000,959,,601,4183,208,138,59,,4,21
20200531,KY,9704,5082,1007,,361,1012,431,305,68,,6,9
20200531,LA,39916,,,,,,2791,1158,1468,,21,51
20200531,MA,96965,25307,8726,18132,1842,18132,6846,2861,342,431,130,431
20200531,MD,52778,10299,15188,13377,997,13377,2532,1075,1035,233,99,233
20200531,ME,2325,1303,350,,29,61,89,,,,,
20200531,MI,57397,21236,17793,,1147,4017,5491,2800,2196,,54,109
20200531,MN,24850,8529,5569,,1397,4908,1040,634,62,,26,25
20200531,MO,13147,5654,4142,,,1083,772,443,272,,,16
20200531,MP,22,,,,,,2,,,,,
20200531,MS,15501,4392,8363,878,56,878,734,316,374,10,0,10
20200531,MT,515,441,2,,1,21,16,12,,,,
20200531,NC,28589,11370,6266,,605,7575,886,498,288,,11,48
20200531,ND,2577,,,,,,61,,,,,
20200531,NE,14101,,,,,,170,,,,,
20200531,NH,4651,1981,150,233,80,233,245,88,0,4,0,4
20200531,NJ,160445,31593,15376,26773,4504,26773,11698,6014,2087,2200,621,2200
20200531,NM,7689,910,187,1846,48,1846,356,,,,,
20200531,NV,8593,2026,678,2348,657,2348,421,194,52,67,62,67
20200531,NY,370770,,,,,,23905,7755,5723,5958,1565,5958
20200531,OH,35513,18091,8852,,937,2555,2155,1697,367,,19,39
20200531,OK,6506,4210,619,,172,1248,334,255,27,,2,10
20200531,OR,4243,1946,97,,139,1317,153,109,6,,7,14
20200531,PA,71926,19847,8777,,1035,5000,5555,3958,1116,,133,304
20200531,PR,3776,,,,,,136,,,,,
20200531,RI,14928,5374,1940,6717,,6717,716,588,43,78,,78
20200531,SC,11861,4243,4445,,202,1113,494,234,196,,4,9
20200531,SD,4993,1539,906,881,580,881,62,,,,,
20200531,TN,23006,9934,5202,,411,4930,364,203,127,,7,23
20200531,TX,64287,4107,2360,5923,498,5923,1672,183,67,122,6,122
20200531,UT,9797,3645,318,,240,3859,113,,,,,
20200531,VA,44607,13744,6266,,,14097,1375,751,282,,,125
20200531,VI,69,,,,,,6,,,,,
20200531,VT,981,893,34,,11,27,55,51,,,2,0
20200531,WA,21702,5977,1030,5981,1145,5981,1118,721,33,91,96,91
20200531,WI,18403,9565,3534,,681,6164,592,398,148,,16,55
20200531,WV,1953,1571,138,,,,75,58,3,,,
20200531,WY,693,322,8,79,4,79,16,,,,,
20200527,AK,412,264,10,,46,39,10,5,0,,2,0
20200527,AL,16032,6273,6730,,82,1380,583,296,256,,3,12
20200527,AR,6277,3012,2194,,62,673,120,65,45,,1,3
20200527,AS,,,,,,,,,,,,
20200527,AZ,17262,3548,555,3572,194,3572,831,341,23,131,11,131
20200527,CA,98980,14640,3797,37768,6716,37768,3884,1241,369,1383,539,1383
20200527,CO,24767,8661,1483,9032,661,9032,1392,890,94,268,53,268
20200527,CT,41288,13951,5248,7316,596,7316,3803,2764,560,334,36,334
20200527,DC,8406,1293,3839,,104,2138,445,50,335,49,7,49
20200527,DE,9096,2645,2430,2518,135,2518,344,211,85,23,1,23
20200527,FL,51283,14569,10135,18127,,18127,2319,1158,492,509,,509
20200527,GA,44638,11215,14609,5385,638,5385,1933,850,932,81,29,81
20200527,GU,171,,,,75,,5,,,,,
20200527,HI,644,162,6,,198,,17,,,,,
20200527,IA,18445,10514,2213,,1660,4795,496,381,24,,14,29
20200527,ID,2731,1432,45,,44,560,82,79,1,,2,4
20200527,IL,114306,22289,19135,35369,3319,35369,5083,2166,1517,984,247,984
20200527,IN,32437,14272,4411,,454,3600,1871,1227,282,,9,31
20200527,KS,9337,5717,937,,582,3972,205,136,59,,4,21
20200527,KY,9077,4755,936,,357,908,400,279,66,,7,10
20200527,LA,38497,,,,,,2722,1158,1468,,21,51
20200527,MA,94220,24402,8385,16959,1790,16959,6547,2717,333,405,117,405
20200527,MD,48423,9575,14217,11956,917,11956,2392,1007,980,211,91,211
20200527,ME,2137,1303,350,,29,61,81,,,,,
20200527,MI,55608,20574,17238,,1112,3892,5334,2720,2133,,53,106
20200527,MN,22464,7704,5121,,1176,4255,932,583,57,,21,22
20200527,MO,12492,5319,3978,,,1004,696,401,254,,,14
20200527,MP,22,,,,,,2,,,,,
20200527,MS,14044,4052,7556,784,53,784,670,287,347,9,0,9
20200527,MT,481,437,2,,1,19,16,12,,,,
20200527,NC,24628,9804,5646,,532,6116,794,443,266,,10,40
20200527,ND,2439,,,,,,56,,,,,
20200527,NE,12976,,,,,,163,,,,,
20200527,NH,4286,1981,150,233,80,233,223,88,0,4,0,4
20200527,NJ,156628,30504,14898,25657,4294,25657,11339,5835,2029,2125,597,2125
20200527,NM,7252,865,187,1696,49,1696,329,,,,,
20200527,NV,8113,1902,610,2025,605,2025,402,186,51,61,60,61
20200527,NY,364965,,,,,,23532,7635,5646,5850,1546,5850
20200527,OH,33439,17219,8491,,818,2282,2044,1627,355,,16,35
20200527,OK,6229,4036,584,,163,1208,322,249,27,,2,9
20200527,OR,4038,1946,97,,139,1317,148,109,6,,7,14
20200527,PA,69417,18760,8427,,976,,5265,3615,1010,,125,268
20200527,PR,3397,,,,,,129,,,,,
20200527,RI,14353,5310,1865,6315,,6315,654,537,39,72,,72
20200527,SC,10623,3950,4138,,188,935,466,176,223,,4,4
20200527,SD,4710,1434,895,819,555,819,54,,,,,
20200527,TN,21306,8465,4383,,397,4118,353,199,121,,7,22
20200527,TX,57921,4065,2315,5873,498,5873,1562,181,67,122,6,122
20200527,UT,8706,3350,281,,208,3363,105,,,,,
20200527,VA,40249,12659,5732,,,12705,1281,706,261,,,114
20200527,VI,69,,,,,,6,,,,,
20200527,VT,971,884,30,,11,27,54,50,,,2,0
20200527,WA,20406,5841,1012,5587,1122,5587,1095,688,31,88,92,88
20200527,WI,16462,8576,3234,,618,5470,539,361,141,,14,47
20200527,WV,1851,1494,130,,,,74,58,3,,,
20200527,WY,653,316,7,73,5,73,14,,,,,
20200524,AK,408,263,10,,46,39,10,,,,,
20200524,AL,14478,5796,5972,,79,1221,551,281,239,,3,12
20200524,AR,5922,2862,2110,,61,544,116,64,44,,1,3
20200524,AS,,,,,,,,,,,,
20200524,AZ,16339,3452,529,3312,181,3312,800,335,23,126,11,126
20200524,CA,92710,14218,3660,35760,6518,35760,3774,1228,360,1357,528,1357
20200524,CO,24174,8472,1448,8763,647,8763,1332,851,92,256,51,256
20200524,CT,40468,13557,5156,7185,589,7185,3693,2689,542,324,36,324
20200524,DC,8110,1255,3757,,103,2058,432,46,326,49,7,49
20200524,DE,8809,2523,2337,2431,127,2431,326,198,79,24,1,24
20200524,FL,50867,14152,9759,17365,,17365,2237,1120,474,488,,488
20200524,GA,42902,10674,14141,4857,597,4857,1827,799,889,76,28,76
20200524,GU,166,,,,72,,5,,,,,
20200524,HI,643,162,6,,198,,17,,,,,
20200524,IA,17250,9833,2070,,1725,4485,456,346,22,,13,22
20200524,ID,2626,1403,41,,44,502,79,75,1,,2,4
20200524,IL,110304,21659,18605,34106,3234,34106,4856,2070,1469,923,236,923
20200524,IN,31376,14025,4361,,439,3482,1824,1200,277,,9,27
20200524,KS,8958,5425,911,,562,3769,185,117,56,,3,15
20200524,KY,8571,4598,903,,353,852,391,273,66,,6,9
20200524,LA,37169,,,,,,2690,1092,1418,,21,47
20200524,MA,92675,23817,8155,16681,1760,16681,6372,2631,318,401,114,401
20200524,MD,46313,9232,13762,11383,889,11383,2277,957,936,198,87,198
20200524,ME,2055,1145,235,,28,54,78,,,,,
20200524,MI,54679,20231,16950,,1093,3280,5228,2666,2091,,52,104
20200524,MN,20573,6982,4683,,1001,3666,869,543,51,,20,19
20200524,MO,11988,5115,3860,,,965,681,390,250,,,14
20200524,MP,22,,,,,,2,,,,,
20200524,MS,13252,3859,7121,722,51,722,625,268,327,8,0,8
20200524,MT,479,437,2,,1,19,16,12,,,,
20200524,NC,23222,9266,5412,,491,5557,744,413,253,,9,34
20200524,ND,2418,,,,,,53,,,,,
20200524,NE,12134,,,,,,150,,,,,
20200524,NH,4149,1981,150,233,80,233,209,88,0,4,0,4
20200524,NJ,154154,29952,14600,25130,4216,25130,11133,5749,1992,2078,581,2078
20200524,NM,6943,825,181,1592,45,1592,317,,,,,
20200524,NV,7770,1865,607,2008,602,2008,394,180,51,61,60,61
20200524,NY,361515,,,,,,23391,7532,5585,5768,1526,5768
20200524,OH,31911,16386,8093,,720,2117,1969,1522,344,,16,31
20200524,OK,6037,3921,564,,155,1111,311,240,26,,2,7
20200524,OR,3927,1842,86,,135,1162,148,100,6,,7,12
20200524,PA,67713,18069,8136,,914,,5124,3615,1010,,125,268
20200524,PR,3189,,,,,,127,,,,,
20200524,RI,14065,3153,1078,3568,,3568,608,454,27,54,,54
20200524,SC,10096,3685,3948,,87,778,435,215,162,,4,7
20200524,SD,4563,1380,889,782,522,782,50,,,,,
20200524,TN,20145,8040,4139,,387,3578,336,195,112,,7,20
20200524,TX,55348,4040,2266,5806,493,5806,1519,180,67,121,6,121
20200524,UT,8392,3244,272,,202,3221,97,,,,,
20200524,VA,36244,11686,5409,,,11371,1171,637,241,,,93
20200524,VI,69,,,,,,6,,,,,
20200524,VT,956,875,27,,11,26,54,50,,,2,0
20200524,WA,19828,5678,940,5145,1071,5145,1061,686,31,87,91,87
20200524,WI,15277,8043,3024,,577,5001,510,339,139,,13,45
20200524,WV,1771,1420,124,,,,72,58,3,,,
20200524,WY,638,306,8,74,5,74,12,,,,,
20200520,AK,402,261,9,,46,38,10,,,,,
20200520,AL,13052,5416,5248,,75,1091,522,267,226,,3,12
20200520,AR,5003,2478,1883,,59,324,107,59,41,,,3
20200520,AS,,,,,,,,,,,,
20200520,AZ,14897,3226,481,2797,164,2797,747,306,23,118,9,118
20200520,CA,84057,13185,3418,31432,6119,31432,3374,1125,335,1235,496,1235
20200520,CO,22797,8147,1395,8143,629,8143,1299,832,91,244,51,244
20200520,CT,39017,12455,4904,6847,563,6847,3529,2560,519,305,35,305
20200520,DC,7551,1158,3521,,97,1812,407,44,313,41,7,41
20200520,DE,8194,2318,2207,2265,120,2265,310,188,76,22,1,22
20200520,FL,47471,13292,9026,15924,,15924,2096,1051,438,460,,460
20200520,GA,39801,10086,13574,4410,568,4410,1697,741,825,62,28,62
20200520,GU,165,,,,72,,5,,,,,
20200520,HI,643,154,5,,172,,17,,,,,
20200520,IA,15824,9020,1899,,1582,4114,395,304,19,,11,19
20200520,ID,2506,1362,34,,44,447,77,73,1,,2,4
20200520,IL,100418,20251,17512,30555,3003,30555,4525,1928,1394,828,215,828
20200520,IN,29274,13524,4186,,439,3220,1716,1127,262,,6,27
20200520,KS,8539,5108,890,,531,3496,178,115,56,,1,14
20200520,KY,8167,4398,876,,347,793,376,260,63,,7,7
20200520,LA,35316,,,,,,2608,1092,1418,,21,47
20200520,MA,88970,22687,7740,15480,1601,15480,6066,2462,309,370,103,370
20200520,MD,42323,8566,12919,10153,823,10153,2123,896,876,171,77,171
20200520,ME,1819,1145,235,,28,54,73,,,,,
20200520,MI,53009,19083,16432,,1060,3180,5060,2580,2024,,50,101
20200520,MN,17670,5968,3909,,753,2821,777,493,41,,17,17
20200520,MO,11080,4653,3656,,,775,616,344,234,,,12
20200520,MP,21,,,,,,2,,,,,
20200520,MS,11967,3647,6472,655,46,655,570,249,296,8,0,8
20200520,MT,478,429,2,,1,18,16,12,,,,
20200520,NC,20122,8074,4870,,415,4539,702,394,238,,7,29
20200520,ND,2095,,,,,,49,,,,,
20200520,NE,11122,,,,,,138,,,,,
20200520,NH,3868,1685,131,193,70,193,190,73,0,3,0,3
20200520,NJ,150399,28389,13871,23703,3925,23703,10747,5511,1906,1978,567,1978
20200520,NM,6317,784,169,1389,43,1389,283,,,,,
20200520,NV,7166,1649,532,1445,498,1445,378,156,46,49,57,49
20200520,NY,354370,,,,,,23836,7373,5453,5607,1486,5607
20200520,OH,29436,15052,7502,,603,1887,1781,1398,304,,12,26
20200520,OK,5532,3654,482,,144,1017,299,230,24,,2,6
20200520,OR,3801,1842,86,,135,1162,144,100,6,,7,12
20200520,PA,64412,16731,7652,,835,,4767,3263,904,,118,242
20200520,PR,2866,,,,,,125,,,,,
20200520,RI,13356,2994,1024,3388,,3388,538,397,29,53,,53
20200520,SC,9175,3544,3709,,82,730,407,208,154,,3,7
20200520,SD,4177,1247,868,729,488,729,46,,,,,
20200520,TN,18532,7386,3866,,375,2933,309,180,105,,7,15
20200520,TX,51323,3967,2186,5702,491,5702,1419,180,67,120,6,120
20200520,UT,7710,2989,254,,186,2917,90,,,,,
20200520,VA,32908,10764,5082,,,10147,1074,584,226,,,87
20200520,VI,69,,,,,,6,,,,,
20200520,VT,944,860,27,,11,25,54,49,,,2,0
20200520,WA,18971,5535,890,4719,1031,4719,1037,667,30,85,89,85
20200520,WI,13413,7136,2684,,504,4193,481,316,136,,12,42
20200520,WV,1567,1276,113,,,,69,58,3,,,
20200520,WY,596,289,7,73,4,73,11,,,,,
20200517,AK,396,257,9,,45,38,10,,,,,
20200517,AL,11771,4975,4607,,70,981,488,246,215,,3,11
20200517,AR,4759,2354,1781,,55,268,98,49,33,,,3
20200517,AS,,,,,,,,,,,,
20200517,AZ,13937,3044,437,2541,150,2541,680,287,22,106,8,106
20200517,CA,78839,12452,3221,29208,5804,29208,3261,1039,311,1137,468,1137
20200517,CO,21938,7928,1353,7711,603,7711,1215,781,82,230,47,230
20200517,CT,37419,12051,4712,6558,550,6558,3408,2482,499,286,34,286
20200517,DC,7123,1122,3366,,96,1700,383,43,294,37,7,37
20200517,DE,7670,2134,2086,2100,113,2100,290,177,68,21,1,21
20200517,FL,45588,12771,8598,14905,,14905,1973,986,419,431,,431
20200517,GA,37552,9364,12953,3995,533,3995,1609,685,780,58,27,58
20200517,GU,154,,,,61,,5,,,,,
20200517,HI,640,154,5,,172,,17,,,,,
20200517,IA,14651,8223,1821,,1463,3675,351,273,19,,10,17
20200517,ID,2419,1335,31,,41,411,73,70,1,,2,4
20200517,IL,94191,19218,16616,27763,2830,27763,4177,1785,1316,747,194,747
20200517,IN,27778,12527,3916,,416,3000,1607,1046,250,,6,25
20200517,KS,7886,4686,822,,449,3146,172,105,53,,1,13
20200517,KY,7688,4253,850,,343,738,332,230,56,,5,7
20200517,LA,34432,,,,,,2425,951,1294,,18,40
20200517,MA,86010,21674,7396,14277,1548,14277,5797,2324,295,353,92,353
20200517,MD,38804,8058,12052,8907,752,8907,1876,779,777,154,67,154
20200517,ME,1687,980,140,,22,44,70,,,,,
20200517,MI,51142,18411,15854,,1022,3068,4891,2445,1956,,48,97
20200517,MN,15668,5182,3287,,601,2311,722,461,38,,16,16
20200517,MO,10789,4531,3560,,,755,594,249,196,,,11
20200517,MP,21,,,,,,2,,,,,
20200517,MS,11296,3492,6094,612,40,612,521,228,271,6,0,6
20200517,MT,468,427,2,,1,11,16,12,,,,
20200517,NC,18512,7352,4476,,351,3888,659,370,217,,7,29
20200517,ND,1900,,,,,,43,,,,,
20200517,NE,10348,,,,,,123,,,,,
20200517,NH,3596,1685,131,193,70,193,172,73,0,3,0,3
20200517,NJ,146334,27639,13415,23004,3825,23004,10356,5201,1807,1853,532,1853
20200517,NM,5938,756,168,1308,48,1308,265,,,,,
20200517,NV,6857,,,,,,350,,,,,
20200517,NY,350121,,,,,,22619,5733,3561,3913,881,3913
20200517,OH,27923,14273,7125,,527,1723,1625,1307,269,,11,23
20200517,OK,5310,3546,442,,135,844,288,222,23,,2,7
20200517,OR,3623,1679,82,,118,1004,137,95,5,,7,11
20200517,PA,62234,15850,7297,,781,,4418,1672,506,,53,
20200517,PR,2646,,,,,,123,,,,,
20200517,RI,12674,1042,347,1176,,1176,338,117,8,19,,19
20200517,SC,8816,3296,3450,,76,599,385,198,146,,3,
20200517,SD,3987,1190,859,696,475,696,44,,,,,
20200517,TN,17388,7045,3687,,364,2498,298,176,97,,7,14
20200517,TX,47784,3953,2181,5649,488,5649,1336,180,67,120,6,120
20200517,UT,7238,2842,229,,177,2752,80,,,,,
20200517,VA,30388,9959,4787,,,9131,1009,549,212,,,81
20200517,VI,69,,,,,,6,,,,,
20200517,VT,940,857,27,,11,25,54,49,,,2,0
20200517,WA,18433,5425,861,4425,1006,4425,1001,666,32,83,88,83
20200517,WI,12543,6677,2517,,458,3875,453,299,131,,9,34
20200517,WV,1490,1208,107,,,,67,55,3,,,
20200517,WY,566,276,7,70,5,70,8,,,,,
20200513,AK,383,250,9,,45,37,10,,,,,
20200513,AL,9889,4268,3841,,59,783,393,198,172,,2,8
20200513,AR,4164,2142,1549,,49,224,90,49,33,,,
20200513,AS,,,,,,,,,,,,
20200513,AZ,12176,2787,384,2164,132,2164,594,255,19,86,5,86
20200513,CA,71141,11210,2869,24511,5206,24511,2846,937,280,984,432,984
20200513,CO,20475,7596,1294,6926,595,6926,1062,672,74,172,45,172
20200513,CT,34855,11298,4395,6099,516,6099,3125,2257,464,272,33,272
20200513,DC,6584,1013,3071,,88,1472,350,34,271,38,5,38
20200513,DE,6952,1873,1932,1866,106,1866,247,145,63,18,1,18
20200513,FL,41236,11794,7910,13620,,13620,1827,911,384,393,,393
20200513,GA,35427,8945,12405,3739,494,3739,1517,662,737,51,27,51
20200513,GU,151,,,,61,,5,,,,,
20200513,HI,638,158,5,,170,,17,,,,,
20200513,IA,13285,7189,1663,,1323,3189,306,242,16,,10,16
20200513,ID,2324,1256,27,,40,378,69,66,1,,2,4
20200513,IL,84698,17407,15034,23259,2529,23259,3792,1611,1217,643,169,643
20200513,IN,25473,11844,3744,,382,2725,1482,967,238,,7,23
20200513,KS,7468,4333,781,,411,2846,164,102,50,,,10
20200513,KY,7049,3911,786,,4,658,326,226,54,,5,6
20200513,LA,32662,,,,,,2315,951,1294,,18,40
20200513,MA,80497,20204,6922,12960,1448,12960,5315,2094,271,329,90,329
20200513,MD,34812,7367,11140,7483,689,7483,1694,704,691,133,58,133
20200513,ME,1515,980,140,,22,44,66,,,,,
20200513,MI,48391,16936,15485,,967,2419,4734,2309,1932,,47,94
20200513,MN,12917,4295,2411,,469,1817,638,420,35,,12,14
20200513,MO,10142,4259,3346,,,709,542,227,178,,,10
20200513,MP,19,,,,,,2,,,,,
20200513,MS,10090,2792,4931,548,,548,465,190,249,6,,6
20200513,MT,462,423,2,,1,11,16,12,,,,
20200513,NC,15816,6266,4009,,292,2939,597,332,200,,6,24
20200513,ND,1647,,,,,,40,,,,,
20200513,NE,9075,,,,,,107,,,,,
20200513,NH,3299,1479,105,143,59,,150,54,0,4,0,
20200513,NJ,141560,26169,12878,21705,3599,21705,9702,5087,1768,1806,523,1806
20200513,NM,5364,726,158,1137,47,1137,231,,,,,
20200513,NV,6394,,,,,,331,,,,,
20200513,NY,340661,,,,,,22013,5564,3481,3824,864,3824
20200513,OH,25721,13240,6564,,472,1473,1483,1195,242,,11,21
20200513,OK,4852,3315,357,,117,727,278,212,22,,2,6
20200513,OR,3268,1679,82,,118,1004,130,95,5,,7,11
20200513,PA,58698,14386,6721,,715,,3943,1469,416,,43,
20200513,PR,2329,,,,,,115,,,,,
20200513,RI,11835,3764,1254,4246,,4246,462,269,20,44,,44
20200513,SC,8030,3172,3244,0,72,560,362,184,136,,3,
20200513,SD,3732,1099,827,644,449,644,39,,,,,
20200513,TN,16370,6611,3518,,348,2063,273,168,87,,6,11
20200513,TX,42403,3898,2125,5587,486,5587,1158,176,66,120,6,120
20200513,UT,6620,2645,199,,158,2506,75,,,,,
20200513,VA,26746,8924,4337,,,7711,927,501,201,,,73
20200513,VI,69,,,,,,6,,,,,
20200513,VT,929,828,26,,10,22,53,49,,,2,0
20200513,WA,17512,5244,820,4080,965,4080,975,648,29,81,86,81
20200513,WI,10902,5869,2258,,396,3357,421,280,120,,8,31
20200513,WV,"1,404","1,148",105,,,,59,2,1,,,
20200513,WY,523,255,7,67,5,67,7,,,,,
20200510,AK,379,238,9,,45,35,10,,,,,
20200510,AL,9889,4333,3789,,61,759,393,194,178,,3,9
20200510,AR,4012,1922,1322,,44,191,82,45,30,,,
20200510,AS,,,,,,,,,,,,
20200510,AZ,11119,2631,338,1889,123,1889,536,240,17,77,5,77
20200510,CA,66680,10740,2741,22525,4935,22525,2657,891,264,914,417,914
20200510,CO,19703,7386,1241,6531,559,6531,971,619,63,161,37,161
20200510,CT,33554,10867,4177,5713,486,5713,2967,2127,439,256,30,256
20200510,DC,6272,970,2919,,83,1370,323,35,252,29,5,29
20200510,DE,6447,1701,1799,1650,97,1650,224,132,58,13,1,13
20200510,FL,39514,11254,7436,12722,,12722,1721,859,363,363,,363
20200510,GA,33836,8437,11763,3374,468,3374,1405,602,693,48,26,48
20200510,GU,151,,,,61,,5,,,,,
20200510,HI,632,158,5,,170,,17,,,,,
20200510,IA,11957,6581,1559,,1223,2946,265,210,15,,7,16
20200510,ID,2230,1160,24,,38,336,67,62,1,,2,4
20200510,IL,77741,16390,14369,20839,2408,20839,3406,1450,1106,554,147,554
20200510,IN,24126,10398,3353,,337,2533,1379,860,220,,6,20
20200510,KS,6984,3975,723,,394,2574,157,99,47,,9,10
20200510,KY,6440,3649,679,,0,603,304,211,50,,5,5
20200510,LA,31600,,,,,,2213,833,1184,,16,36
20200510,MA,77793,19059,6456,11902,1322,11902,4979,1911,253,293,84,293
20200510,MD,32587,7018,10623,6686,664,6686,1538,637,631,109,51,109
20200510,ME,1436,829,73,,20,32,64,,,,,
20200510,MI,47138,16498,15084,,942,2356,4570,2229,1865,,45,91
20200510,MN,11271,3832,1916,,450,1577,578,387,34,,11,11
20200510,MO,9844,4036,3248,,,689,482,197,159,,,9
20200510,MP,16,,,,,,2,,,,,
20200510,MS,9501,2588,4475,504,,504,430,152,203,5,,5
20200510,MT,458,420,2,,1,8,16,12,,,,
20200510,NC,14764,5761,3808,,273,2446,547,312,177,,6,20
20200510,ND,1491,,,,,,35,,,,,
20200510,NE,8315,,,,,,98,,,,,
20200510,NH,3071,1479,105,143,59,,133,54,0,4,0,
20200510,NJ,138532,,,,,,9255,4354,1578,1446,446,1446
20200510,NM,4863,696,150,1029,42,1029,200,,,,,
20200510,NV,6098,,,,,,306,,,,,
20200510,NY,335395,,,,,,21478,5423,3409,3738,845,3738
20200510,OH,24081,12337,6144,,415,1303,1341,1017,218,,10,18
20200510,OK,4589,3194,315,,104,637,272,206,22,,2,5
20200510,OR,2742,1456,69,,100,797,109,81,5,,6,7
20200510,PA,56611,13526,6411,,682,,3707,1357,388,,40,
20200510,PR,2198,,,,,,111,,,,,
20200510,RI,11274,3764,1254,4246,,4246,422,269,20,44,,44
20200510,SC,7653,2966,3034,0,67,450,331,161,122,,3,
20200510,SD,3517,1058,761,611,427,611,34,,,,,
20200510,TN,14985,6016,3087,,342,1715,243,146,76,,6,8
20200510,TX,38869,3864,2119,5429,483,5429,1088,176,66,117,6,117
20200510,UT,6251,2496,172,,145,2365,67,,,,,
20200510,VA,24081,8075,4031,,,6476,839,451,187,,,55
20200510,VI,69,,,,,,4,,,,,
20200510,VT,927,808,20,,10,20,53,49,,,2,0
20200510,WA,16891,5034,795,3718,946,3718,931,622,28,75,79,75
20200510,WI,10219,5504,2111,,365,3070,400,266,117,,6,32
20200510,WV,1362,1101,99,,,,50,2,1,,,
20200510,WY,504,247,8,66,5,66,7,,,,,
20200506,AK,372,225,9,,44,32,,,,,,
20200506,AL,8691,3877,3351,,57,601,343,170,155,,3,8
20200506,AR,3496,1804,1181,,43,,82,48,28,,,
20200506,AS,,,,,,,,,,,,
20200506,AZ,9707,2388,301,1574,108,1574,426,195,13,65,5,65
20200506,CA,58815,9998,2456,19333,4519,19333,2325,766,230,784,371,784
20200506,CO,17830,8424,1346,6907,520,6907,921,632,64,167,33,167
20200506,CT,30995,10178,3790,5194,448,5194,2718,1943,409,240,26,240
20200506,DC,5461,847,2550,,73,1254,277,29,220,21,5,21
20200506,DE,5778,1508,1604,1383,1,1383,193,111,53,8,1,8
20200506,FL,37020,10395,6667,11514,,11514,1539,758,324,324,,324
20200506,GA,30738,9390,11143,,451,3082,1327,589,652,,25,48
20200506,GU,,,,,,,,,,,,
20200506,HI,656,178,5,,189,,,,,,,
20200506,IA,10392,5545,1352,,915,2382,207,161,15,,7,14
20200506,ID,2158,1118,21,,32,315,66,59,1,,2,4
20200506,IL,68232,14809,13277,17240,2203,17240,2974,1262,998,457,124,457
20200506,IN,21870,9666,3127,,328,2187,1264,803,206,,7,16
20200506,KS,5734,3382,613,,275,2044,144,92,46,,0,8
20200506,KY,5934,3375,628,,3,518,283,197,45,,5,3
20200506,LA,,,,,,,2064,833,1184,,16,36
20200506,MA,72025,16925,5257,9363,1152,9363,4420,1688,243,238,79,238
20200506,MD,28163,6280,9648,5394,580,5394,1338,562,542,91,48,91
20200506,ME,1254,829,73,,20,32,,,,,,
20200506,MI,45054,15318,14417,,901,2252,4270,2040,1742,,42,85
20200506,MN,8579,3174,1372,,343,1201,485,334,24,,4,9
20200506,MO,9102,3731,2821,,,546,396,162,122,,,15
20200506,MP,,,,,,,,,,,,
20200506,MS,8424,2290,3878,427,,,374,129,170,5,,
20200506,MT,456,421,2,,1,8,,12,,,,
20200506,NC,12758,4979,3451,,228,1840,477,273,158,,6,17
20200506,ND,,,,,,,,,,,,
20200506,NE,,,,,,,,,,,,
20200506,NH,1938,1205,86,103,49,,60,36,0,3,0,
20200506,NJ,,,,,,,8549,3420,1282,1125,347,1125
20200506,NM,4291,659,135,898,42,898,,,,,,
20200506,NV,,,,,,,,,,,,
20200506,NY,,,,,,,20597,5200,3262,3595,815,3595
20200506,OH,21576,11143,5543,,349,1046,1225,906,192,,7,17
20200506,OK,4201,2994,271,,91,541,253,193,21,,2,5
20200506,OR,2742,1456,69,,100,797,109,81,5,,6,7
20200506,PA,51845,11937,5700,,613,,3106,1147,317,,34,
20200506,PR,,,,,,,,,,,,
20200506,RI,9652,3764,1254,4246,,4246,341,269,20,44,,44
20200506,SC,6936,2752,2752,0,62,418,305,129,126,,0,
20200506,SD,2779,932,511,504,309,504,,,,,,
20200506,TN,13938,5575,2854,,320,1369,239,145,72,,6,8
20200506,TX,34422,3462,1885,4695,461,4695,948,164,60,98,6,98
20200506,UT,5595,2299,141,,131,2069,,,,,,
20200506,VA,20256,6934,3593,,,4963,713,377,164,,,40
20200506,VI,,,,,,,,,,,,
20200506,VT,908,794,19,,10,20,52,45,,,2,1
20200506,WA,15905,4773,730,3179,951,3179,870,587,26,65,76,65
20200506,WI,8901,4751,1903,,319,2539,362,235,109,,6,30
20200506,WV,1276,1041,93,,,,,,,,,
20200506,WY,436,244,8,,4,63,,,,,,
20200503,AK,368,216,8,,44,30,,,,,,
20200503,AL,7888,3518,3002,,56,459,290,145,129,,2,8
20200503,AR,3431,1762,1139,,41,,76,44,25,,1,
20200503,AS,,,,,,,,,,,,
20200503,AZ,8640,2243,278,1407,96,1407,362,167,12,54,4,54
20200503,CA,53616,9449,2289,17127,4244,17127,2138,721,214,704,345,704
20200503,CO,16653,8129,1260,6278,434,6278,842,588,53,150,30,150
20200503,CT,29287,9370,3435,4597,421,4597,2495,1797,371,218,22,218
20200503,DC,5016,789,2341,,72,954,251,27,198,19,5,19
20200503,DE,5208,1349,1455,1148,1,1148,177,102,46,7,1,7
20200503,FL,35158,18070,6584,,,10639,,,,,,
20200503,GA,28661,8491,10327,,409,2662,1181,500,610,,22,37
20200503,GU,,,,,,,,,,,,
20200503,HI,656,178,5,,189,,,,,,,
20200503,IA,9175,4813,1182,,,2044,,,,,,
20200503,ID,,,,,,,64,60,1,,2,5
20200503,IL,61499,13566,12240,14502,2001,14502,2618,1096,904,379,111,379
20200503,IN,19933,9149,2970,,298,1853,1132,724,191,,4,15
20200503,KS,5030,2984,535,,224,1803,134,84,41,,0,5
20200503,KY,5130,2984,532,,3,421,253,173,40,,4,2
20200503,LA,,,,,,,1670,638,973,,13,27
20200503,MA,68087,15455,4902,8442,1021,8442,4004,1477,216,216,72,216
20200503,MD,25462,5698,8871,4625,530,4625,1182,486,500,78,39,78
20200503,ME,1185,731,41,,13,23,,,,,,
20200503,MI,43754,14438,14001,,875,1750,4065,1943,1660,,40,80
20200503,MN,6663,2731,999,,266,932,419,289,16,,4,8
20200503,MO,8386,3438,2515,,,503,352,144,105,,,17
20200503,MP,,,,,,,,,,,,
20200503,MS,7550,2504,3951,,,,303,130,171,,,
20200503,MT,455,422,2,,1,8,,,,,,
20200503,NC,11664,4526,3221,,208,1486,422,244,135,,5,11
20200503,ND,,,,,,,,,,,,
20200503,NE,,,,,,,,,,,,
20200503,NH,1938,1205,86,103,49,,60,36,0,3,0,
20200503,NJ,,,,,,,7871,3420,1282,1125,347,1125
20200503,NM,3850,608,106,762,51,762,,,,,,
20200503,NV,,,,,,,,,,,,
20200503,NY,,,,,,,19189,4974,3116,3443,784,
20200503,OH,19914,10337,5083,,302,886,1038,764,172,,3,15
20200503,OK,3972,2780,247,,84,,238,183,21,,2,
20200503,OR,2345,1280,58,,80,638,,,,,,
20200503,PA,49267,10889,5280,,556,,2444,908,242,,28,
20200503,PR,,,,,,,,,,,,
20200503,RI,9477,3696,1232,4169,,4169,320,252,16,41,,41
20200503,SC,6626,2576,2519,0,57,325,275,133,103,,2,
20200503,SD,2631,863,499,472,303,472,,,,,,
20200503,TN,13177,5227,2630,,295,1184,210,132,65,,6,7
20200503,TX,31548,2812,1544,3530,408,3530,867,148,54,86,7,86
20200503,UT,5175,2187,129,,127,1901,,,,,,
20200503,VA,18671,6380,3329,,,4369,660,350,154,,,39
20200503,VI,,,,,,,,,,,,
20200503,VT,897,786,18,,10,19,52,46,,,2,1
20200503,WA,15185,4642,706,2996,924,2996,834,561,24,59,74,59
20200503,WI,7964,4155,1754,,271,2114,339,212,106,,6,22
20200503,WV,1195,965,90,,,,,,,,,
20200503,WY,395,240,4,,4,62,,,,,,
20200429,AK,355,206,7,,43,25,,,,,,
20200429,AL,6925,3186,2646,,52,378,262,131,115,,2,7
20200429,AR,3192,1591,1026,125,40,,59,36,20,,,
20200429,AS,,,,,,,,,,,,
20200429,AZ,7202,2046,240,1207,91,1207,304,148,10,39,4,39
20200429,CA,46500,8339,1977,13608,3721,13608,1809,613,186,589,292,589
20200429,CO,14758,7460,1131,,395,5275,766,537,51,,28,130
20200429,CT,26767,8504,3105,4108,390,4108,2168,1554,328,189,19,189
20200429,DC,4106,703,2037,,64,797,205,22,163,14,4,14
20200429,DE,4655,1184,1292,936,1,936,144,81,36,5,1,5
20200429,FL,32318,16146,5745,,,9325,,,,,,
20200429,GA,33143,7439,9360,,367,2093,1100,465,565,,20,36
20200429,GU,,,,,,,,,,,,
20200429,HI,601,156,5,,162,,,,,,,
20200429,IA,6843,3838,910,,,1532,,,,,,
20200429,ID,0,,,,,,60,57,1,,,4
20200429,IL,50355,11676,10850,10846,1718,10846,2215,912,796,297,91,297
20200429,IN,17182,8127,2680,1580,274,1580,964,,,,,
20200429,KS,3738,2325,433,,114,1318,125,76,39,,0,4
20200429,KY,4539,2661,487,,3,313,235,160,36,,3,2
20200429,LA,,,,,,,1670,638,973,27,13,27
20200429,MA,60265,13378,4218,7111,903,7111,3405,1171,180,187,64,187
20200429,MD,20849,4808,7615,3473,434,3473,985,390,404,64,36,64
20200429,ME,1069,731,41,,13,23,,,,,,
20200429,MI,40191,12927,12927,1211,807,1211,3649,1651,1468,36,36,36
20200429,MN,4710,2136,603,603,185,603,322,216,15,9,3,9
20200429,MO,7422,3044,2301,,,371,318,130,98,,,0
20200429,MP,,,,,,,,,,,,
20200429,MS,6569,2202,3433,,,,250,103,145,,,
20200429,MT,451,418,2,,1,8,,,,,,
20200429,NC,9948,3816,2827,,146,1066,354,203,117,,3,7
20200429,ND,,,,,,,,,,,,
20200429,NE,,,,,,,,,,,,
20200429,NH,1938,1205,86,103,49,,60,36,0,3,0,
20200429,NJ,,,,,,,6770,1879,838,656,205,656
20200429,NM,3213,518,88,657,39,657,,,,,,
20200429,NV,,,,,,,,,,,,
20200429,NY,,,,,,,18015,4632,2936,3221,726,
20200429,OH,17303,8931,4221,,249,632,937,682,152,,3,11
20200429,OK,3473,2438,212,,70,,214,162,20,,2,
20200429,OR,2345,1280,58,,80,638,,,,,,
20200429,PA,44366,9327,4538,,466,,2195,791,218,,26,
20200429,PR,,,,,,,,,,,,
20200429,RI,8247,3216,1072,3546,,3546,251,200,15,30,,30
20200429,SC,5881,2317,2214,309,,290,232,99,78,,,
20200429,SD,,,,,,,,,,,,
20200429,TN,10436,4427,2154,,239,899,195,120,57,,5,5
20200429,TX,27054,1766,932,1551,212,1551,732,122,46,59,4,59
20200429,UT,4901,1990,102,1624,118,1624,,,,,,
20200429,VA,14328,5104,2733,,,,513,271,134,,,
20200429,VI,,,,,,,,,,,,
20200429,VT,862,743,15,17,10,17,47,42,,,2,
20200429,WA,14070,4446,653,2764,896,2764,801,531,23,52,69,52
20200429,WI,6520,3449,1517,,205,1602,308,187,101,,5,17
20200429,WV,1109,904,86,,,,,,,,,
20200429,WY,404,233,4,58,4,58,,,,,,
20200426,AK,341,190,7,,41,25,9,4,0,,2,0
20200426,AL,6421,2947,2411,,50,340,219,113,98,,3,6
20200426,AR,2941,1340,808,107,27,,49,29,16,,,
20200426,AS,,,,,,,,,,,,
20200426,AZ,6526,1954,223,1119,83,1119,275,134,9,37,4,37
20200426,CA,42164,7739,1839,12092,3438,12092,1647,536,170,502,266,502
20200426,CO,13441,6973,1010,,360,4623,680,477,44,,21,120
20200426,CT,22469,7759,2819,3699,350,3699,1544,1370,294,173,17,173
20200426,DC,3841,665,1891,,63,708,178,20,142,11,4,11
20200426,DE,4034,1003,1106,714,0,714,120,69,29,5,0,5
20200426,FL,30680,15111,5228,,,8676,,,,,,
20200426,GA,23481,6280,8181,,308,1700,916,383,478,,14,32
20200426,GU,,,,,,,,,,,,
20200426,HI,601,156,5,,162,,,,,,,
20200426,IA,5475,3191,717,,432,1242,,,,,,
20200426,ID,58,41,1,,,2,,,,,,
20200426,IL,43903,10427,9918,8743,1523,8743,1933,794,712,245,76,245
20200426,IN,15012,7010,2356,1125,165,1125,813,,,,,
20200426,KS,3174,1986,386,,78,1038,118,71,35,,0,3
20200426,KY,4074,2407,431,,1,257,207,143,29,,3,2
20200426,LA,,,,,,,1473,505,828,20,12,20
20200426,MA,54938,11646,3735,5933,769,5933,2899,965,144,162,57,162
20200426,MD,18581,4276,6742,2841,363,2841,827,301,305,46,30,46
20200426,ME,,,,,,,,,,,,
20200426,MI,37585,12088,12088,1133,755,1133,3329,1458,1359,33,33,33
20200426,MN,3655,1909,504,396,144,396,273,187,13,5,1,5
20200426,MO,6994,2798,2099,,,349,274,109,82,,,0
20200426,MP,,,,,,,,,,,,
20200426,MS,5911,1984,3095,,,,227,88,138,,,
20200426,MT,448,389,2,,1,8,,,,,,
20200426,NC,8830,3485,2575,,114,827,299,170,99,,2,6
20200426,ND,,,,,,,,,,,,
20200426,NE,,,,,,,,,,,,
20200426,NH,1447,937,63,70,37,,,,,,,
20200426,NJ,,,,,,,5938,1879,838,656,205,656
20200426,NM,2704,502,64,595,38,595,,,,,,
20200426,NV,,,,,,,,,,,,
20200426,NY,,,,,,,3961,2382,709,534,163,534
20200426,OH,15963,7976,3716,,216,512,728,520,109,,2,11
20200426,OK,3253,2295,195,,66,,195,149,16,,1,
20200426,OR,1928,1065,47,509,64,509,,,,,,
20200426,PA,41165,8292,4027,,420,,1550,570,168,,21,
20200426,PR,,,,,,,,,,,,
20200426,RI,7439,2901,967,3273,,3273,226,178,15,27,,27
20200426,SC,5490,2106,1968,228,,216,174,82,62,,,
20200426,SD,,,,,,,,,,,,
20200426,TN,9667,4028,1930,,193,731,181,111,57,,4,5
20200426,TX,24631,1145,415,900,118,900,648,106,35,51,3,51
20200426,UT,4123,1892,81,1448,112,1448,,,,,,
20200426,VA,12970,4412,2428,,,,448,233,117,,,
20200426,VI,,,,,,,,,,,,
20200426,VT,851,773,15,17,10,17,46,41,,,2,
20200426,WA,13521,4132,555,2379,804,2379,749,492,19,50,67,50
20200426,WI,5911,3083,1414,,174,1338,272,165,94,,5,16
20200426,WV,1053,839,85,,,,,,,,,
20200426,WY,370,217,4,54,5,54,,,,,,
20200422,AK,335,184,7,,37,22,9,2,0,,2,0
20200422,AL,4903,2296,1842,,42,194,160,79,75,,2,4
20200422,AR,2276,1179,654,,25,86,42,25,14,,,
20200422,AS,,,,,,,,,,,,
20200422,AZ,5459,1822,200,946,77,946,229,110,8,34,3,34
20200422,CA,35396,6982,1630,9701,3020,9701,1293,417,138,364,206,364
20200422,CO,10878,5858,821,,301,,508,353,37,,16,
20200422,CT,22469,6706,2368,3145,299,3145,1544,1096,230,139,15,139
20200422,DC,3206,587,1595,,57,589,127,14,102,8,3,8
20200422,DE,,,,,,,19,16,,,,
20200422,FL,27791,13646,4551,,,7781,,,,,,
20200422,GA,21102,4908,6445,,246,1305,846,335,442,,10,27
20200422,GU,,,,,,,,,,,,
20200422,HI,547,135,4,,139,,,,,,,
20200422,IA,3748,2290,517,,232,779,,,,,,
20200422,ID,56,41,1,,,2,,,,,,
20200422,IL,35108,8573,8504,6195,1244,6195,1565,621,596,181,62,181
20200422,IN,12438,6144,2102,646,99,646,661,,,,,
20200422,KS,2211,1366,343,,37,494,110,65,35,,0,3
20200422,KY,3373,2186,379,,1,216,175,125,27,,2,1
20200422,LA,,,,,,,1473,505,828,20,12,20
20200422,MA,42944,9232,3006,4595,601,4595,2182,704,106,106,41,106
20200422,MD,14775,3476,5540,2033,304,2033,631,234,289,69,21,69
20200422,ME,,,,,,,,,,,,
20200422,MI,34980,10529,11208,1018,679,1018,2813,1237,1125,28,28,28
20200422,MN,2758,1659,353,,108,217,182,134,10,5,1,5
20200422,MO,6135,2393,1841,,,245,208,81,62,,,0
20200422,MP,,,,,,,,,,,,
20200422,MS,4894,1663,2582,,,,193,71,120,,,
20200422,MT,439,370,2,,1,,,,,,,
20200422,NC,7220,2898,2146,,98,542,242,133,86,,1,5
20200422,ND,,,,,,,,,,,,
20200422,NE,,,,,,,,,,,,
20200422,NH,1447,937,63,70,37,,,,,,,
20200422,NJ,,,,,,,5063,1879,838,656,205,656
20200422,NM,2189,426,50,493,33,493,,,,,,
20200422,NV,,,,,,,,,,,,
20200422,NY,,,,,,,3430,2065,615,464,141,464
20200422,OH,14117,6915,3112,,186,396,610,439,95,,1,10
20200422,OK,2894,2057,155,,60,,170,132,11,,1,
20200422,OR,1928,1065,47,509,64,509,,,,,,
20200422,PA,35684,6639,3289,,339,,1622,602,211,,22,
20200422,PR,,,,,,,,,,,,
20200422,RI,5841,2394,700,2453,,2453,181,135,10,18,,18
20200422,SC,3895,1558,1402,194,,,127,72,53,,,
20200422,SD,,,,,,,,,,,,
20200422,TN,7842,3637,1620,,168,580,166,96,56,,4,7
20200422,TX,21069,7563,340,775,115,775,543,80,26,37,2,37
20200422,UT,3729,1687,62,1134,100,1134,,,,,,
20200422,VA,10266,3540,1900,,,,,,,,,
20200422,VI,,,,,,,,,,,,
20200422,VT,823,715,15,17,10,17,40,35,,,2,
20200422,WA,12494,3986,528,2203,758,,692,460,17,48,64,
20200422,WI,4845,2526,1198,,135,842,246,151,82,,5,15
20200422,WV,963,743,79,,,,,,,,,
20200422,WY,326,210,3,47,3,,,,,,,
20200419,AK,319,167,7,,33,21,9,2,0,,2,0
20200419,AL,4903,2300,1831,,45,167,160,66,85,,5,5
20200419,AR,1739,1049,511,,23,,39,23,14,,,
20200419,AS,,,,,,,,,,,,
20200419,AZ,4929,947,96,478,76,478,184,73,6,32,3,32
20200419,CA,28963,5821,1358,7567,2522,7567,1072,347,115,298,154,298
20200419,CO,9730,5381,707,,248,,422,294,36,,13,
20200419,CT,17962,4876,1782,2286,214,,1127,766,171,100,14,
20200419,DC,2793,548,1403,,51,,96,11,75,8,2,
20200419,DE,,,,,,,,16,,,,
20200419,FL,,,,,,,,,,,,
20200419,GA,18489,3637,4916,,178,871,689,263,364,,9,24
20200419,GU,,,,,,,,,,,,
20200419,HI,,,,,,,,,,,,
20200419,IA,2902,1912,293,,136,560,,,,,,
20200419,ID,,,,,,,,,,,,
20200419,IL,30357,7554,7498,4913,1085,4913,1791,501,502,134,51,134
20200419,IN,11210,5605,1961,470,89,470,,,,,,
20200419,KS,1849,1141,314,,27,334,92,53,27,,0,2
20200419,KY,2960,2300,389,,111,219,148,115,32,,1,1
20200419,LA,,,,,,,1277,383,751,13,10,13
20200419,MA,38077,7640,2524,3818,538,3818,1706,520,78,81,30,81
20200419,MD,12830,3037,4855,1639,276,1639,486,159,196,21,15,21
20200419,ME,,,,,,,,,,,,
20200419,MI,31892,9427,10369,628,628,628,2387,1028,956,23,23,23
20200419,MN,2387,1484,282,,117,164,133,100,5,2,0,2
20200419,MO,5665,2153,1643,,,226,174,66,51,,,0
20200419,MP,,,,,,,,,,,,
20200419,MS,4274,1407,2203,,,,159,57,100,,,
20200419,MT,433,354,2,,1,,,,,,,
20200419,NC,6493,2664,1921,,93,427,172,96,62,,1,4
20200419,ND,,,,,,,,,,,,
20200419,NE,,,,,,,,,,,,
20200419,NH,,,,,,,,,,,,
20200419,NJ,,,,,,,4190,2138,924,701,226,
20200419,NM,1825,376,47,443,29,,,,,,,
20200419,NV,,,,,,,,,,,,
20200419,NY,,,,,,,10578,2824,1862,2091,457,
20200419,OH,11602,5758,2415,,167,319,471,327,68,,1,10
20200419,OK,,,,,,,,,,,,
20200419,OR,1914,766,31,340,48,340,,,,,,
20200419,PA,,,,,,,,,,,,
20200419,PR,,,,,,,,,,,,
20200419,RI,,,,,,,,,,,,
20200419,SC,3519,1759,1442,,,,106,60,44,,,
20200419,SD,,,,,,,,,,,,
20200419,TN,7070,3347,1470,,130,441,148,88,47,,3,6
20200419,TX,2574,944,296,663,110,,189,69,18,30,1,
20200419,UT,,,,,,,,,,,,
20200419,VA,8537,2830,1578,,,,,,,,,
20200419,VI,,,,,,,,,,,,
20200419,VT,,,,,,,,,,,,
20200419,WA,11790,3703,464,1835,691,,634,414,16,38,59,
20200419,WI,4346,2214,1025,,116,628,220,132,80,,5,11
20200419,WV,,,,,,,,,,,,
20200419,WY,,,,,,,,,,,,
20200415,AK,293,133,4,,25,15,9,2,0,,2,0
20200415,AL,4241,1996,1594,,41,134,82,34,43,,3,3
20200415,AR,1569,945,441,,21,,,,,,,
20200415,AS,,,,,,,,,,,,
20200415,AZ,3962,785,81,366,,,142,55,5,15,,
20200415,CA,24424,4921,1111,5873,2063,,821,278,85,214,104,
20200415,CO,8280,4738,582,2441,214,,357,247,25,63,10,
20200415,CT,13381,3419,1145,1447,144,,602,409,85,58,9,
20200415,DC,2197,411,1009,,31,324,72,8,54,8,2,
20200415,DE,,,,,,,35,16,,,,
20200415,FL,,,,,,,,,,,,
20200415,GA,15828,2645,3780,568,131,568,596,216,299,20,8,
20200415,GU,,,,,,,,,,,,
20200415,HI,,,,,,,,,,,,
20200415,IA,2337,1492,183,345,65,345,,,,,,
20200415,ID,,,,,,,,,,,,
20200415,IL,24593,6127,6331,3357,847,,948,355,397,89,33,
20200415,IN,8953,4468,1576,,71,322,439,280,91,5,2,5
20200415,KS,,,,,,,,,,,,
20200415,KY,2291,1348,194,,43,,122,77,22,,1,
20200415,LA,,,,,,,1103,333,653,,9,11
20200415,MA,29918,5437,1749,2537,397,2537,1108,306,40,50,16,50
20200415,MD,10032,2425,3724,1075,230,1075,349,109,139,13,10,13
20200415,ME,,,,,,,,,,,,
20200415,MI,28059,7856,9259,,,561,1921,768,768,,,19
20200415,MN,1815,1212,180,,72,90,86,73,1,,1,2
20200415,MO,4895,1762,1419,,,195,147,54,48,,,5
20200415,MP,,,,,,,,,,,,
20200415,MS,3360,1243,1881,,,,96,32,63,,,
20200415,MT,404,319,1,,1,,,,,,,
20200415,NC,5123,2177,1507,,71,289,117,62,40,,1,3
20200415,ND,,,,,,,,,,,,
20200415,NE,,,,,,,,,,,,
20200415,NH,,,,,,,,,,,,
20200415,NJ,,,,,,,726,435,175,,36,
20200415,NM,1467,348,46,382,25,,,,,,,
20200415,NV,,,,,,,,,,,,
20200415,NY,,,,,,,10578,2824,1862,2091,457,
20200415,OH,7791,4198,1598,,141,218,361,261,48,,1,7
20200415,OK,,,,,,,,,,,,
20200415,OR,,,,,,,,,,,,
20200415,PA,,,,,,,,,,,,
20200415,PR,,,,,,,,,,,,
20200415,RI,,,,,,,,,,,,
20200415,SC,3114,1573,1265,,,147,91,36,45,,,
20200415,SD,,,,,,,,,,,,
20200415,TN,6079,2972,1218,,88,346,,,,,,
20200415,TX,2182,838,250,552,98,,,,,,,
20200415,UT,,,,,,,,,,,,
20200415,VA,6889,2214,1278,,,,,,,,,
20200415,VI,,,,,,,,,,,,
20200415,VT,,,,,,,,,,,,
20200415,WA,10783,3396,400,1532,601,1532,567,378,15,33,54,33
20200415,WI,3721,1881,916,,90,443,182,104,71,,4,9
20200415,WV,,,,,,,,,,,,
20200415,WY,,,,,,,,,,,,
20200412,AK,,,,,,,,,,,,
20200412,AL,3582,1657,1279,,37,100,,,,,,
20200412,AR,1280,814,324,,20,,,,,,,
20200412,AS,,,,,,,,,,,,
20200412,AZ,3539,661,65,286,,,114,28,2,8,3,
20200412,CA,21794,4323,945,4729,1756,,651,224,54,147,92,
20200412,CO,,,,,,,,,,,,
20200412,CT,11510,3030,993,1277,124,,494,343,65,45,6,
20200412,DC,1874,354,852,,26,241,50,6,36,6,2,
20200412,DE,,,,,,,35,16,,,,
20200412,FL,,,,,,,,,,,,
20200412,GA,12922,2023,2741,372,86,372,,,,,,
20200412,GU,,,,,,,,,,,,
20200412,HI,,,,,,,,,,,,
20200412,IA,,,,,,,,,,,,
20200412,ID,,,,,,,,,,,,
20200412,IL,20852,5214,5458,2513,691,,720,259,308,70,27,
20200412,IN,7928,3734,1331,,55,3068,343,219,68,,1,5
20200412,KS,,,,,,,,,,,,
20200412,KY,1959,1123,159,,34,,1942,1225,342,,2,
20200412,LA,,,,,,,,,,,,
20200412,MA,25475,4271,1358,1885,331,1885,756,199,20,28,13,28
20200412,MD,8251,2300,3200,,190,,235,83,104,,8,
20200412,ME,,,,,,,,,,,,
20200412,MI,24635,6652,8130,,,492,1483,535,594,,,14
20200412,MN,1642,1086,145,,64,81,70,58,1,,1,2
20200412,MO,4158,1414,1123,,,166,108,37,28,,,4
20200412,MP,,,,,,,,,,,,
20200412,MS,2780,1001,1529,,,,95,32,63,,,
20200412,MT,387,305,1,,1,,,,,,,
20200412,NC,4520,1768,1245,,54,239,81,46,29,,1,2
20200412,ND,,,,,,,,,,,,
20200412,NE,,,,,,,,,,,,
20200412,NH,,,,,,,,,,,,
20200412,NJ,,,,,,,726,435,175,,36,
20200412,NM,,,,,,,,,,,,
20200412,NV,,,,,,,,,,,,
20200412,NY,,,,,,,6723,3440,2333,,576,2656
20200412,OH,6604,3524,1328,,124,174,253,161,33,,,2
20200412,OK,,,,,,,,,,,,
20200412,OR,,,,,,,,,,,,
20200412,PA,,,,,,,,,,,,
20200412,PR,,,,,,,,,,,,
20200412,RI,,,,,,,,,,,,
20200412,SC,2010,1108,780,,,103,61,25,28,,,
20200412,SD,,,,,,,,,,,,
20200412,TN,5308,2504,922,,73,269,,,,,,
20200412,TX,2021,787,223,518,91,,,,,,,
20200412,UT,,,,,,,,,,,,
20200412,VA,5274,1528,841,,,,,,,,,
20200412,VI,,,,,,,,,,,,
20200412,VT,,,,,,,,,,,,
20200412,WA,10411,2903,289,1180,451,1180,508,290,9,24,36,24
20200412,WI,3341,1680,857,,81,361,144,77,61,,4,4
20200412,WV,,,,,,,,,,,,
20200412,WY,,,,,,,,,,,,